timestamp,node,chunk,chunk_iters,cum_iters,wall_s,cum_wall_s,s_per_iter,Gii_max,G_tot,Te_max,R_phi,spread_Gii,spread_Gtot,dGii_rel_vs_prev_chunk,gate_pass,warnings
2026-08-22T01:50:31,71x58,0,60,60,5476,5476,91.3,2.557127e+25,7.562071e+13,3149,2.442e-03,1.282e-02,1.333e-02,nan,False,
2026-08-22T03:20:56,71x58,1,60,120,5425,10901,90.4,2.620141e+25,7.839753e+13,3152,1.075e-03,6.178e-03,7.270e-03,2.405e-02,False,
2026-08-22T04:50:35,71x58,2,60,180,5379,16280,89.6,2.701733e+25,8.124923e+13,3157,2.804e-03,1.668e-02,1.891e-02,3.020e-02,False,
2026-08-22T06:21:53,71x58,3,60,240,5477,21757,91.3,2.984564e+25,8.986605e+13,3180,6.989e-04,1.244e-03,1.020e-03,9.476e-02,False,
2026-08-22T08:48:50,71x58,4,300,5644,94.1,3.054303e+25,9.197042e+13,3183,5.520e-04,3.150e-04,3.680e-04,nan,False,"same-node-checkpoint(she2d_richardson_71x58.npz,H=b4319bb03303 git=93edef9)",
2026-08-22T10:15:37,71x58,5,357,5206,91.3,3.075619e+25,9.264943e+13,3184,3.943e-05,2.412e-04,3.653e-04,6.931e-03,False,,
2026-08-22T10:18:42,71x58,6,358,186,185.6,3.075619e+25,9.264943e+13,3184,3.943e-05,0.000e+00,0.000e+00,0.000e+00,True,,slow 186s/iter
2026-08-22T13:03:44,100x70,0,60,9902,165.0,1.966831e+25,5.550332e+13,3145,5.557e-04,2.830e-03,2.796e-03,nan,False,prev-node-warmstart(she2d_richardson_71x58.npz),
2026-08-22T15:49:26,100x70,1,120,9942,165.7,1.948452e+25,5.491827e+13,3142,6.231e-04,3.207e-03,2.925e-03,9.433e-03,False,,
2026-08-22T18:36:41,100x70,2,180,10035,167.2,1.932421e+25,5.429283e+13,3141,8.567e-04,3.061e-03,3.319e-03,8.296e-03,False,,
2026-08-22T21:24:01,100x70,3,240,10041,167.3,1.951449e+25,5.495664e+13,3143,1.014e-03,2.998e-03,2.811e-03,9.751e-03,False,,
2026-08-23T00:14:47,100x70,4,300,10246,170.8,1.986372e+25,5.607407e+13,3146,7.076e-04,2.695e-03,2.545e-03,1.758e-02,False,,
2026-08-23T02:54:50,100x70,5,360,9602,160.0,2.106224e+25,5.947928e+13,3159,4.819e-04,5.653e-04,5.239e-04,5.690e-02,False,,
2026-08-23T05:36:03,100x70,6,420,9674,161.2,2.128628e+25,6.003471e+13,3161,2.408e-04,5.097e-04,5.071e-04,1.052e-02,False,,
2026-08-23T08:18:53,100x70,7,480,9770,162.8,2.136180e+25,6.024669e+13,3161,2.569e-04,1.883e-04,1.782e-04,3.535e-03,True,,
2026-08-23T13:37:05,141x85,0,60,19092,318.2,2.387429e+25,6.525607e+13,3194,6.961e-04,2.304e-04,2.421e-04,nan,True,prev-node-warmstart(she2d_richardson_100x70.npz),
2026-08-23T16:23:10,71x58,7,359,193,192.5,3.075619e+25,9.264943e+13,3184,3.943e-05,0.000e+00,0.000e+00,nan,False,"same-node-checkpoint(she2d_richardson_71x58.npz,H=b4319bb03303 git=93edef9)",plateau_not_evaluable(n=1);slow 193s/iter
2026-08-23T16:26:12,71x58,8,360,181,181.3,3.075619e+25,9.264943e+13,3184,3.943e-05,0.000e+00,0.000e+00,0.000e+00,False,,plateau_not_evaluable(n=2);slow 181s/iter
2026-08-23T16:29:17,71x58,9,361,186,185.6,3.075619e+25,9.264943e+13,3184,3.943e-05,0.000e+00,0.000e+00,0.000e+00,False,,plateau_not_evaluable(n=3);slow 186s/iter
2026-08-23T16:32:26,71x58,10,362,189,189.0,3.075619e+25,9.264943e+13,3184,3.943e-05,0.000e+00,0.000e+00,0.000e+00,True,,slow 189s/iter
